{
  "data": {
    "n_train": 9200,
    "n_test": 2300
  },
  "features": {
    "n_features": 15,
    "feature_names": [
      "A5_energy",
      "A5_entropy",
      "A5_std",
      "D5_energy",
      "D5_entropy",
      "D5_std",
      "D4_energy",
      "D4_entropy",
      "D4_std",
      "D3_energy",
      "D3_entropy",
      "D3_std",
      "D2_energy",
      "D2_entropy",
      "D2_std",
      "D1_energy",
      "D1_entropy",
      "D1_std"
    ]
  },
  "classification": {
    "train_metrics": {
      "accuracy": 0.9597826086956521,
      "precision": 0.9273255813953488,
      "recall": 0.8668478260869565,
      "f1": 0.8960674157303371,
      "roc_auc": 0.9861566635160681
    },
    "test_metrics": {
      "accuracy": 0.96,
      "precision": 0.931924882629108,
      "recall": 0.8630434782608696,
      "f1": 0.8961625282167043,
      "roc_auc": 0.981632797731569
    },
    "confusion_matrix": [
      [
        1811,
        29
      ],
      [
        63,
        397
      ]
    ]
  }
}