{
  "data": {
    "n_train": 9200,
    "n_test": 2300
  },
  "features": {
    "n_features": 15,
    "feature_names": [
      "A5_energy",
      "A5_entropy",
      "A5_std",
      "D5_energy",
      "D5_entropy",
      "D5_std",
      "D4_energy",
      "D4_entropy",
      "D4_std",
      "D3_energy",
      "D3_entropy",
      "D3_std",
      "D2_energy",
      "D2_entropy",
      "D2_std",
      "D1_energy",
      "D1_entropy",
      "D1_std"
    ]
  },
  "classification": {
    "train_metrics": {
      "accuracy": 0.9645652173913043,
      "precision": 0.937066974595843,
      "recall": 0.8820652173913044,
      "f1": 0.9087346024636058,
      "roc_auc": 0.9873368826795842
    },
    "test_metrics": {
      "accuracy": 0.957391304347826,
      "precision": 0.9289099526066351,
      "recall": 0.8521739130434782,
      "f1": 0.8888888888888888,
      "roc_auc": 0.980928638941399
    },
    "confusion_matrix": [
      [
        1810,
        30
      ],
      [
        68,
        392
      ]
    ]
  }
}